source_id,source_kind,authority,title,publication_or_version,scope,filename,pages_or_rows,bytes,sha256,location_or_url,distribution,extraction_status,usage_status,review_status,notes
SR_2025_MT103,PDF,SWIFT,Standards MT November 2025 — MT 103 Single Customer Credit Transfer,MT November 2025,MT103,SR_2025_MT103.pdf,80,461752,819b4d80d9238681a251a64039bf4cb8c04806f3d602bff8d4281e3f735e7631,sources/official/,USER_CONFIRMED_REDISTRIBUTION,EXTRACTED,PRIMARY,REGISTERED,Source PDF is included; extracted full text remains private.
SR_2025_MT202,PDF,SWIFT,Standards MT November 2025 — MT 202 General Financial Institution Transfer,MT November 2025,MT202,SR_2025_MT202.pdf,23,130555,e5ac050a0461f9e3b34979c8a4e17dd91ddc8c0f153cf68fa1c4c6acca551679,sources/official/,USER_CONFIRMED_REDISTRIBUTION,EXTRACTED,PRIMARY,REGISTERED,Source PDF is included; extracted full text remains private.
SR_2025_MT202_COV,PDF,SWIFT,Standards MT November 2025 — MT 202 COV General Financial Institution Transfer,MT November 2025,MT202_COV,SR_2025_MT202.COV.pdf,36,203438,8aef5e2c73a8c1980a8890d746649dc416d3e23b56ebae2f3b68f9ac938ebd09,sources/official/,USER_CONFIRMED_REDISTRIBUTION,EXTRACTED,PRIMARY,REGISTERED,Source PDF is included; extracted full text remains private.
SR_2025_MT910,PDF,SWIFT,Standards MT November 2025 — MT 910 Confirmation of Credit,MT November 2025,MT910,SR_2025_MT910.pdf,16,118489,7e4db3590d212a6ab9ac8a82332838431af26ee774f95b95784c3b287dfc3532,sources/official/,USER_CONFIRMED_REDISTRIBUTION,EXTRACTED,PRIMARY,REGISTERED,Source PDF is included; extracted full text remains private.
SR_2025_MT920,PDF,SWIFT,Standards MT November 2025 — MT 920 Request Message,MT November 2025,MT920,SR_2025_MT920.pdf,9,81541,502aff3e8e1ef9fe16e15cc218d659ff9b82be3a9d0dbde9dc185547149a57eb,sources/official/,USER_CONFIRMED_REDISTRIBUTION,EXTRACTED,PRIMARY,REGISTERED,Source PDF is included; extracted full text remains private.
MX_pacs_008_001_08,PDF,ISO 20022 / MyStandards export,pacs.008.001.08 FIToFICustomerCreditTransferV08 Message Definition Report,pacs.008.001.08,pacs.008.001.08,MX_pacs_008_001_08.pdf,173,1215715,450eae7625d7cacdd58d27d2a8a0ef81adbc4b2638e59682b978def2f0e31237,sources/official/,USER_CONFIRMED_REDISTRIBUTION,EXTRACTED,PRIMARY,REGISTERED,Source PDF is included; extracted full text remains private.
MX_pacs_009_001_08,PDF,ISO 20022 / MyStandards export,pacs.009.001.08 FinancialInstitutionCreditTransferV08 Message Definition Report,pacs.009.001.08,pacs.009.001.08,MX_pacs_009_001_08.pdf,175,1238460,fff44ebfb33a78f1c5c753c6520e6fae050373c6a8e83d5b1d3e9843eccc267a,sources/official/,USER_CONFIRMED_REDISTRIBUTION,EXTRACTED,PRIMARY,REGISTERED,Source PDF is included; extracted full text remains private.
MX_camt_054_001_08,PDF,ISO 20022 / MyStandards export,camt.054.001.08 BankToCustomerDebitCreditNotificationV08 Message Definition Report,camt.054.001.08,camt.054.001.08,MX_camt_054_001_08.pdf,313,2423051,ac20c27deafcc68b3ebb779137a29e9e9b7116238b0dd5363b0a570a95ef2ba5,sources/official/,USER_CONFIRMED_REDISTRIBUTION,EXTRACTED,PRIMARY,REGISTERED,Source PDF is included; extracted full text remains private.
MX_camt_060_001_05,PDF,ISO 20022 / MyStandards export,camt.060.001.05 AccountReportingRequestV05 Message Definition Report,camt.060.001.05,camt.060.001.05,MX_camt_060_001_05.pdf,65,461659,716e888904d8e1b34037ac2b89d53334ff7651440c7d4a306b00fc5844cd6dcc,sources/official/,USER_CONFIRMED_REDISTRIBUTION,EXTRACTED,PRIMARY,REGISTERED,Source PDF is included; extracted full text remains private.
PMPG_COVER_GUIDANCE,PDF,SWIFT PMPG,Structured ordering and beneficiary customer data in payments,April 2023,MT202_COV,swift_pmpg_guidelines_cov-1.pdf,23,1059367,ffdcc207490318e5c84b80e554784a1e033dd905b06fca0ba37529df4c398a2b,sources/official/,USER_CONFIRMED_REDISTRIBUTION,EXTRACTED,SUPPORTING,REGISTERED,Source PDF is included; extracted full text remains private.
MT_CATEGORY9_2019,PDF,SWIFT,Category 9 — Cash Management and Customer Status,MT November 2019,MT920,us9m_20190719.pdf,145,957680,693e380f95ce0845e9b58f8b62869e1ab9e7253675f81ea6acac086bc8cde4b6,sources/official/,USER_CONFIRMED_REDISTRIBUTION,EXTRACTED,HISTORICAL,REGISTERED,Source PDF is included; extracted full text remains private.
XML_TAGS_REFERENCE,PDF,Supporting reference,XML Tags reference workbook export,2023-01,ISO20022,XML_Tags.pdf,59,240554,fd3fc159850d5ea9de7996525e0b63188908a1630a50eee1db7f032105fbeac6,sources/official/,USER_CONFIRMED_REDISTRIBUTION,EXTRACTED,SUPPORTING,REGISTERED,Source PDF is included; extracted full text remains private.
ISO20022_ADOPTION_WEBINAR,PDF,SWIFT,Upgrade your infrastructure — Make the leap to ISO 20022,October 2025,ISO20022,iso20022-adoption-1-month-to-go-oct-2025.final_.pdf,41,2221591,a83e9f9f04eac77ec039c8b66c54e2b45bd3c3d7ef5d605c0c31a783fc36e12d,sources/official/,USER_CONFIRMED_REDISTRIBUTION,EXTRACTED,SUPPORTING,REGISTERED,Source PDF is included; extracted full text remains private.
XSD_pacs_008_001_08,XSD_STRUCTURAL_CORROBORATION,ISO 20022 schema copy in public GitHub catalogue,pacs.008.001.08 XML Schema,pacs.008.001.08,pacs.008.001.08,pacs.008.001.08.xsd,,58040,cf048155f70cacd03f1f1dfadf66cba8752be93c249c267351782fd6adb023f7,https://github.com/EggBaconAndSpam/iso20022-schemas/tree/4fa50758235d2561795117aea669854f89da0489,NOT_INCLUDED; STRUCTURE CROSS-CHECKED TO OFFICIAL PDF MESSAGE ID,PARSED_PRIVATE,STRUCTURAL,CORROBORATING_NOT_PRIMARY,Exact paths/cardinalities are generated locally; official Message Definition Report remains primary evidence.
XSD_pacs_009_001_08,XSD_STRUCTURAL_CORROBORATION,ISO 20022 schema copy in public GitHub catalogue,pacs.009.001.08 XML Schema,pacs.009.001.08,pacs.009.001.08,pacs.009.001.08.xsd,,57089,2f695939eb9be156bf2f14a26fbeb0f3bead73037fb03fd219ad14ceb19905ec,https://github.com/EggBaconAndSpam/iso20022-schemas/tree/4fa50758235d2561795117aea669854f89da0489,NOT_INCLUDED; STRUCTURE CROSS-CHECKED TO OFFICIAL PDF MESSAGE ID,PARSED_PRIVATE,STRUCTURAL,CORROBORATING_NOT_PRIMARY,Exact paths/cardinalities are generated locally; official Message Definition Report remains primary evidence.
XSD_camt_054_001_08,XSD_STRUCTURAL_CORROBORATION,ISO 20022 schema copy in public GitHub catalogue,camt.054.001.08 XML Schema,camt.054.001.08,camt.054.001.08,camt.054.001.08.xsd,,103313,13d220337d47e22cf25788807c136794a76955791df612c6947277272d440da6,https://github.com/EggBaconAndSpam/iso20022-schemas/tree/4fa50758235d2561795117aea669854f89da0489,NOT_INCLUDED; STRUCTURE CROSS-CHECKED TO OFFICIAL PDF MESSAGE ID,PARSED_PRIVATE,STRUCTURAL,CORROBORATING_NOT_PRIMARY,Exact paths/cardinalities are generated locally; official Message Definition Report remains primary evidence.
XSD_camt_060_001_05,XSD_STRUCTURAL_CORROBORATION,ISO 20022 schema copy in public GitHub catalogue,camt.060.001.05 XML Schema,camt.060.001.05,camt.060.001.05,camt.060.001.05.xsd,,26675,eaeacff34dc08ddd1534a4ba44425d40fbcf87588ac9c2d7bccfb810913f4940,https://github.com/EggBaconAndSpam/iso20022-schemas/tree/4fa50758235d2561795117aea669854f89da0489,NOT_INCLUDED; STRUCTURE CROSS-CHECKED TO OFFICIAL PDF MESSAGE ID,PARSED_PRIVATE,STRUCTURAL,CORROBORATING_NOT_PRIMARY,Exact paths/cardinalities are generated locally; official Message Definition Report remains primary evidence.
CBPR_USAGE_GUIDELINES,RESTRICTED_MYSTANDARDS_EXPORT,SWIFT,Applicable CBPR+ Usage Guidelines,TBD,pacs.008/pacs.009/camt.054/camt.060,,,,,SWIFT MyStandards (licensed access),NOT_AVAILABLE,NOT_RETRIEVED,REQUIRED_FOR_APPROVAL,BLOCKING,"Needed to validate network-specific cardinality, code, and coexistence conditions."
SWIFT_TRANSLATION_LIBRARY,RESTRICTED_TRANSLATION_RULES,SWIFT,SWIFT MT/MX Translation Library,TBD,MT103/202/202COV/910/920,,,,,SWIFT licensed tooling/content,NOT_AVAILABLE,NOT_RETRIEVED,REQUIRED_FOR_APPROVAL,BLOCKING,Needed to promote candidate rules to implementation-approved translations.
DFR_ALL_SOURCE_TO_TABLES,INTERNAL_DERIVED_MAPPING,DFR project,ALL_SOURCE_TO_TABLES MX-to-DFR mapping,current local build,24 ISO 20022 message families,ALL_SOURCE_TO_TABLES.csv,38912,7584930,2526bb2e52f684de5a656937ad8de0232fe5091258a0bbee9850070abd6b0469,private/local DFR build,HASH_AND_DERIVED_LINEAGE_ONLY,JOINED,PRIMARY_DFR,REGISTERED,Full upstream mapping is not copied into this repository.
