mx_message_id,path,parent_path,xml_tag,type,min_occurs,max_occurs,is_attribute,choice_group
pacs.008.001.08,Document/FIToFICstmrCdtTrf/CdtTrfTxInf/PmtId/InstrId,Document/FIToFICstmrCdtTrf/CdtTrfTxInf/PmtId,InstrId,Max35Text,0,unbounded,False,
pacs.008.001.08,Document/FIToFICstmrCdtTrf/CdtTrfTxInf/SttlmTmReq/CLSTm,Document/FIToFICstmrCdtTrf/CdtTrfTxInf/SttlmTmReq,CLSTm,ISOTime,0,unbounded,False,
pacs.008.001.08,Document/FIToFICstmrCdtTrf/CdtTrfTxInf/SttlmTmReq/TillTm,Document/FIToFICstmrCdtTrf/CdtTrfTxInf/SttlmTmReq,TillTm,ISOTime,0,unbounded,False,
pacs.008.001.08,Document/FIToFICstmrCdtTrf/CdtTrfTxInf/SttlmTmReq/FrTm,Document/FIToFICstmrCdtTrf/CdtTrfTxInf/SttlmTmReq,FrTm,ISOTime,0,unbounded,False,
pacs.008.001.08,Document/FIToFICstmrCdtTrf/CdtTrfTxInf/SttlmTmReq/RjctTm,Document/FIToFICstmrCdtTrf/CdtTrfTxInf/SttlmTmReq,RjctTm,ISOTime,0,unbounded,False,
pacs.008.001.08,Document/FIToFICstmrCdtTrf/CdtTrfTxInf/PmtTpInf/LclInstrm/Prtry,Document/FIToFICstmrCdtTrf/CdtTrfTxInf/PmtTpInf/LclInstrm,Prtry,Max35Text,0,unbounded,False,choice-42
pacs.008.001.08,Document/FIToFICstmrCdtTrf/CdtTrfTxInf/InstrForCdtrAgt/Cd,Document/FIToFICstmrCdtTrf/CdtTrfTxInf/InstrForCdtrAgt,Cd,Instruction3Code,0,unbounded,False,
pacs.008.001.08,Document/FIToFICstmrCdtTrf/CdtTrfTxInf/InstrForCdtrAgt/InstrInf,Document/FIToFICstmrCdtTrf/CdtTrfTxInf/InstrForCdtrAgt,InstrInf,Max140Text,0,unbounded,False,
pacs.008.001.08,Document/FIToFICstmrCdtTrf/CdtTrfTxInf/InstrForNxtAgt/Cd,Document/FIToFICstmrCdtTrf/CdtTrfTxInf/InstrForNxtAgt,Cd,Instruction4Code,0,unbounded,False,
pacs.008.001.08,Document/FIToFICstmrCdtTrf/CdtTrfTxInf/InstrForNxtAgt/InstrInf,Document/FIToFICstmrCdtTrf/CdtTrfTxInf/InstrForNxtAgt,InstrInf,Max140Text,0,unbounded,False,
pacs.008.001.08,Document/FIToFICstmrCdtTrf/CdtTrfTxInf/Purp/Prtry,Document/FIToFICstmrCdtTrf/CdtTrfTxInf/Purp,Prtry,Max35Text,0,unbounded,False,choice-148
pacs.008.001.08,Document/FIToFICstmrCdtTrf/CdtTrfTxInf/IntrBkSttlmDt,Document/FIToFICstmrCdtTrf/CdtTrfTxInf,IntrBkSttlmDt,ISODate,0,unbounded,False,
pacs.008.001.08,Document/FIToFICstmrCdtTrf/CdtTrfTxInf/IntrBkSttlmAmt,Document/FIToFICstmrCdtTrf/CdtTrfTxInf,IntrBkSttlmAmt,ActiveCurrencyAndAmount,1,unbounded,False,
pacs.008.001.08,Document/FIToFICstmrCdtTrf/CdtTrfTxInf/IntrBkSttlmAmt/@Ccy,Document/FIToFICstmrCdtTrf/CdtTrfTxInf/IntrBkSttlmAmt,@Ccy,ActiveCurrencyCode,1,1,True,
pacs.008.001.08,Document/FIToFICstmrCdtTrf/CdtTrfTxInf/InstdAmt,Document/FIToFICstmrCdtTrf/CdtTrfTxInf,InstdAmt,ActiveOrHistoricCurrencyAndAmount,0,unbounded,False,
pacs.008.001.08,Document/FIToFICstmrCdtTrf/CdtTrfTxInf/InstdAmt/@Ccy,Document/FIToFICstmrCdtTrf/CdtTrfTxInf/InstdAmt,@Ccy,ActiveOrHistoricCurrencyCode,1,1,True,
pacs.008.001.08,Document/FIToFICstmrCdtTrf/CdtTrfTxInf/XchgRate,Document/FIToFICstmrCdtTrf/CdtTrfTxInf,XchgRate,BaseOneRate,0,unbounded,False,
pacs.008.001.08,Document/FIToFICstmrCdtTrf/CdtTrfTxInf/Dbtr/Nm,Document/FIToFICstmrCdtTrf/CdtTrfTxInf/Dbtr,Nm,Max140Text,0,unbounded,False,
pacs.008.001.08,Document/FIToFICstmrCdtTrf/CdtTrfTxInf/Dbtr/PstlAdr/AdrLine,Document/FIToFICstmrCdtTrf/CdtTrfTxInf/Dbtr/PstlAdr,AdrLine,Max70Text,0,unbounded,False,
pacs.008.001.08,Document/FIToFICstmrCdtTrf/CdtTrfTxInf/Dbtr/Id/OrgId/AnyBIC,Document/FIToFICstmrCdtTrf/CdtTrfTxInf/Dbtr/Id/OrgId,AnyBIC,AnyBICDec2014Identifier,0,unbounded,False,
pacs.008.001.08,Document/FIToFICstmrCdtTrf/CdtTrfTxInf/DbtrAcct/Id/IBAN,Document/FIToFICstmrCdtTrf/CdtTrfTxInf/DbtrAcct/Id,IBAN,IBAN2007Identifier,0,unbounded,False,choice-116
pacs.008.001.08,Document/FIToFICstmrCdtTrf/CdtTrfTxInf/DbtrAcct/Id/Othr/Id,Document/FIToFICstmrCdtTrf/CdtTrfTxInf/DbtrAcct/Id/Othr,Id,Max34Text,0,unbounded,False,
pacs.008.001.08,Document/FIToFICstmrCdtTrf/CdtTrfTxInf/DbtrAgt/FinInstnId/BICFI,Document/FIToFICstmrCdtTrf/CdtTrfTxInf/DbtrAgt/FinInstnId,BICFI,BICFIDec2014Identifier,0,unbounded,False,
pacs.008.001.08,Document/FIToFICstmrCdtTrf/CdtTrfTxInf/DbtrAgt/FinInstnId/ClrSysMmbId/MmbId,Document/FIToFICstmrCdtTrf/CdtTrfTxInf/DbtrAgt/FinInstnId/ClrSysMmbId,MmbId,Max35Text,0,unbounded,False,
pacs.008.001.08,Document/FIToFICstmrCdtTrf/CdtTrfTxInf/DbtrAgt/FinInstnId/Nm,Document/FIToFICstmrCdtTrf/CdtTrfTxInf/DbtrAgt/FinInstnId,Nm,Max140Text,0,unbounded,False,
pacs.008.001.08,Document/FIToFICstmrCdtTrf/CdtTrfTxInf/DbtrAgt/FinInstnId/PstlAdr/AdrLine,Document/FIToFICstmrCdtTrf/CdtTrfTxInf/DbtrAgt/FinInstnId/PstlAdr,AdrLine,Max70Text,0,unbounded,False,
pacs.008.001.08,Document/FIToFICstmrCdtTrf/CdtTrfTxInf/DbtrAgtAcct/Id/IBAN,Document/FIToFICstmrCdtTrf/CdtTrfTxInf/DbtrAgtAcct/Id,IBAN,IBAN2007Identifier,0,unbounded,False,choice-124
pacs.008.001.08,Document/FIToFICstmrCdtTrf/CdtTrfTxInf/DbtrAgtAcct/Id/Othr/Id,Document/FIToFICstmrCdtTrf/CdtTrfTxInf/DbtrAgtAcct/Id/Othr,Id,Max34Text,0,unbounded,False,
pacs.008.001.08,Document/FIToFICstmrCdtTrf/GrpHdr/SttlmInf/InstgRmbrsmntAgt/FinInstnId/BICFI,Document/FIToFICstmrCdtTrf/GrpHdr/SttlmInf/InstgRmbrsmntAgt/FinInstnId,BICFI,BICFIDec2014Identifier,0,1,False,
pacs.008.001.08,Document/FIToFICstmrCdtTrf/GrpHdr/SttlmInf/InstgRmbrsmntAgt/FinInstnId/ClrSysMmbId/MmbId,Document/FIToFICstmrCdtTrf/GrpHdr/SttlmInf/InstgRmbrsmntAgt/FinInstnId/ClrSysMmbId,MmbId,Max35Text,0,1,False,
pacs.008.001.08,Document/FIToFICstmrCdtTrf/GrpHdr/SttlmInf/InstgRmbrsmntAgt/FinInstnId/Nm,Document/FIToFICstmrCdtTrf/GrpHdr/SttlmInf/InstgRmbrsmntAgt/FinInstnId,Nm,Max140Text,0,1,False,
pacs.008.001.08,Document/FIToFICstmrCdtTrf/GrpHdr/SttlmInf/InstgRmbrsmntAgt/FinInstnId/PstlAdr/AdrLine,Document/FIToFICstmrCdtTrf/GrpHdr/SttlmInf/InstgRmbrsmntAgt/FinInstnId/PstlAdr,AdrLine,Max70Text,0,7,False,
pacs.008.001.08,Document/FIToFICstmrCdtTrf/GrpHdr/SttlmInf/InstgRmbrsmntAgtAcct/Id/IBAN,Document/FIToFICstmrCdtTrf/GrpHdr/SttlmInf/InstgRmbrsmntAgtAcct/Id,IBAN,IBAN2007Identifier,0,1,False,choice-10
pacs.008.001.08,Document/FIToFICstmrCdtTrf/GrpHdr/SttlmInf/InstgRmbrsmntAgtAcct/Id/Othr/Id,Document/FIToFICstmrCdtTrf/GrpHdr/SttlmInf/InstgRmbrsmntAgtAcct/Id/Othr,Id,Max34Text,0,1,False,
pacs.008.001.08,Document/FIToFICstmrCdtTrf/GrpHdr/SttlmInf/InstdRmbrsmntAgt/FinInstnId/BICFI,Document/FIToFICstmrCdtTrf/GrpHdr/SttlmInf/InstdRmbrsmntAgt/FinInstnId,BICFI,BICFIDec2014Identifier,0,1,False,
pacs.008.001.08,Document/FIToFICstmrCdtTrf/GrpHdr/SttlmInf/InstdRmbrsmntAgt/FinInstnId/ClrSysMmbId/MmbId,Document/FIToFICstmrCdtTrf/GrpHdr/SttlmInf/InstdRmbrsmntAgt/FinInstnId/ClrSysMmbId,MmbId,Max35Text,0,1,False,
pacs.008.001.08,Document/FIToFICstmrCdtTrf/GrpHdr/SttlmInf/InstdRmbrsmntAgt/FinInstnId/Nm,Document/FIToFICstmrCdtTrf/GrpHdr/SttlmInf/InstdRmbrsmntAgt/FinInstnId,Nm,Max140Text,0,1,False,
pacs.008.001.08,Document/FIToFICstmrCdtTrf/GrpHdr/SttlmInf/InstdRmbrsmntAgt/FinInstnId/PstlAdr/AdrLine,Document/FIToFICstmrCdtTrf/GrpHdr/SttlmInf/InstdRmbrsmntAgt/FinInstnId/PstlAdr,AdrLine,Max70Text,0,7,False,
pacs.008.001.08,Document/FIToFICstmrCdtTrf/GrpHdr/SttlmInf/InstdRmbrsmntAgtAcct/Id/IBAN,Document/FIToFICstmrCdtTrf/GrpHdr/SttlmInf/InstdRmbrsmntAgtAcct/Id,IBAN,IBAN2007Identifier,0,1,False,choice-18
pacs.008.001.08,Document/FIToFICstmrCdtTrf/GrpHdr/SttlmInf/InstdRmbrsmntAgtAcct/Id/Othr/Id,Document/FIToFICstmrCdtTrf/GrpHdr/SttlmInf/InstdRmbrsmntAgtAcct/Id/Othr,Id,Max34Text,0,1,False,
pacs.008.001.08,Document/FIToFICstmrCdtTrf/GrpHdr/SttlmInf/ThrdRmbrsmntAgt/FinInstnId/BICFI,Document/FIToFICstmrCdtTrf/GrpHdr/SttlmInf/ThrdRmbrsmntAgt/FinInstnId,BICFI,BICFIDec2014Identifier,0,1,False,
pacs.008.001.08,Document/FIToFICstmrCdtTrf/GrpHdr/SttlmInf/ThrdRmbrsmntAgt/FinInstnId/ClrSysMmbId/MmbId,Document/FIToFICstmrCdtTrf/GrpHdr/SttlmInf/ThrdRmbrsmntAgt/FinInstnId/ClrSysMmbId,MmbId,Max35Text,0,1,False,
pacs.008.001.08,Document/FIToFICstmrCdtTrf/GrpHdr/SttlmInf/ThrdRmbrsmntAgt/FinInstnId/Nm,Document/FIToFICstmrCdtTrf/GrpHdr/SttlmInf/ThrdRmbrsmntAgt/FinInstnId,Nm,Max140Text,0,1,False,
pacs.008.001.08,Document/FIToFICstmrCdtTrf/GrpHdr/SttlmInf/ThrdRmbrsmntAgt/FinInstnId/PstlAdr/AdrLine,Document/FIToFICstmrCdtTrf/GrpHdr/SttlmInf/ThrdRmbrsmntAgt/FinInstnId/PstlAdr,AdrLine,Max70Text,0,7,False,
pacs.008.001.08,Document/FIToFICstmrCdtTrf/GrpHdr/SttlmInf/ThrdRmbrsmntAgtAcct/Id/IBAN,Document/FIToFICstmrCdtTrf/GrpHdr/SttlmInf/ThrdRmbrsmntAgtAcct/Id,IBAN,IBAN2007Identifier,0,1,False,choice-26
pacs.008.001.08,Document/FIToFICstmrCdtTrf/GrpHdr/SttlmInf/ThrdRmbrsmntAgtAcct/Id/Othr/Id,Document/FIToFICstmrCdtTrf/GrpHdr/SttlmInf/ThrdRmbrsmntAgtAcct/Id/Othr,Id,Max34Text,0,1,False,
pacs.008.001.08,Document/FIToFICstmrCdtTrf/CdtTrfTxInf/IntrmyAgt1/FinInstnId/BICFI,Document/FIToFICstmrCdtTrf/CdtTrfTxInf/IntrmyAgt1/FinInstnId,BICFI,BICFIDec2014Identifier,0,unbounded,False,
pacs.008.001.08,Document/FIToFICstmrCdtTrf/CdtTrfTxInf/IntrmyAgt1/FinInstnId/ClrSysMmbId/MmbId,Document/FIToFICstmrCdtTrf/CdtTrfTxInf/IntrmyAgt1/FinInstnId/ClrSysMmbId,MmbId,Max35Text,0,unbounded,False,
pacs.008.001.08,Document/FIToFICstmrCdtTrf/CdtTrfTxInf/IntrmyAgt1/FinInstnId/Nm,Document/FIToFICstmrCdtTrf/CdtTrfTxInf/IntrmyAgt1/FinInstnId,Nm,Max140Text,0,unbounded,False,
pacs.008.001.08,Document/FIToFICstmrCdtTrf/CdtTrfTxInf/IntrmyAgt1/FinInstnId/PstlAdr/AdrLine,Document/FIToFICstmrCdtTrf/CdtTrfTxInf/IntrmyAgt1/FinInstnId/PstlAdr,AdrLine,Max70Text,0,unbounded,False,
pacs.008.001.08,Document/FIToFICstmrCdtTrf/CdtTrfTxInf/IntrmyAgt1Acct/Id/IBAN,Document/FIToFICstmrCdtTrf/CdtTrfTxInf/IntrmyAgt1Acct/Id,IBAN,IBAN2007Identifier,0,unbounded,False,choice-84
pacs.008.001.08,Document/FIToFICstmrCdtTrf/CdtTrfTxInf/IntrmyAgt1Acct/Id/Othr/Id,Document/FIToFICstmrCdtTrf/CdtTrfTxInf/IntrmyAgt1Acct/Id/Othr,Id,Max34Text,0,unbounded,False,
pacs.008.001.08,Document/FIToFICstmrCdtTrf/CdtTrfTxInf/CdtrAgt/FinInstnId/BICFI,Document/FIToFICstmrCdtTrf/CdtTrfTxInf/CdtrAgt/FinInstnId,BICFI,BICFIDec2014Identifier,0,unbounded,False,
pacs.008.001.08,Document/FIToFICstmrCdtTrf/CdtTrfTxInf/CdtrAgt/FinInstnId/ClrSysMmbId/MmbId,Document/FIToFICstmrCdtTrf/CdtTrfTxInf/CdtrAgt/FinInstnId/ClrSysMmbId,MmbId,Max35Text,0,unbounded,False,
pacs.008.001.08,Document/FIToFICstmrCdtTrf/CdtTrfTxInf/CdtrAgt/FinInstnId/Nm,Document/FIToFICstmrCdtTrf/CdtTrfTxInf/CdtrAgt/FinInstnId,Nm,Max140Text,0,unbounded,False,
pacs.008.001.08,Document/FIToFICstmrCdtTrf/CdtTrfTxInf/CdtrAgt/FinInstnId/PstlAdr/AdrLine,Document/FIToFICstmrCdtTrf/CdtTrfTxInf/CdtrAgt/FinInstnId/PstlAdr,AdrLine,Max70Text,0,unbounded,False,
pacs.008.001.08,Document/FIToFICstmrCdtTrf/CdtTrfTxInf/CdtrAgtAcct/Id/IBAN,Document/FIToFICstmrCdtTrf/CdtTrfTxInf/CdtrAgtAcct/Id,IBAN,IBAN2007Identifier,0,unbounded,False,choice-132
pacs.008.001.08,Document/FIToFICstmrCdtTrf/CdtTrfTxInf/CdtrAgtAcct/Id/Othr/Id,Document/FIToFICstmrCdtTrf/CdtTrfTxInf/CdtrAgtAcct/Id/Othr,Id,Max34Text,0,unbounded,False,
pacs.008.001.08,Document/FIToFICstmrCdtTrf/CdtTrfTxInf/Cdtr/Nm,Document/FIToFICstmrCdtTrf/CdtTrfTxInf/Cdtr,Nm,Max140Text,0,unbounded,False,
pacs.008.001.08,Document/FIToFICstmrCdtTrf/CdtTrfTxInf/Cdtr/PstlAdr/AdrLine,Document/FIToFICstmrCdtTrf/CdtTrfTxInf/Cdtr/PstlAdr,AdrLine,Max70Text,0,unbounded,False,
pacs.008.001.08,Document/FIToFICstmrCdtTrf/CdtTrfTxInf/Cdtr/Id/OrgId/AnyBIC,Document/FIToFICstmrCdtTrf/CdtTrfTxInf/Cdtr/Id/OrgId,AnyBIC,AnyBICDec2014Identifier,0,unbounded,False,
pacs.008.001.08,Document/FIToFICstmrCdtTrf/CdtTrfTxInf/CdtrAcct/Id/IBAN,Document/FIToFICstmrCdtTrf/CdtTrfTxInf/CdtrAcct/Id,IBAN,IBAN2007Identifier,0,unbounded,False,choice-140
pacs.008.001.08,Document/FIToFICstmrCdtTrf/CdtTrfTxInf/CdtrAcct/Id/Othr/Id,Document/FIToFICstmrCdtTrf/CdtTrfTxInf/CdtrAcct/Id/Othr,Id,Max34Text,0,unbounded,False,
pacs.008.001.08,Document/FIToFICstmrCdtTrf/CdtTrfTxInf/RmtInf/Ustrd,Document/FIToFICstmrCdtTrf/CdtTrfTxInf/RmtInf,Ustrd,Max140Text,0,unbounded,False,
pacs.008.001.08,Document/FIToFICstmrCdtTrf/CdtTrfTxInf/ChrgBr,Document/FIToFICstmrCdtTrf/CdtTrfTxInf,ChrgBr,ChargeBearerType1Code,1,unbounded,False,
pacs.008.001.08,Document/FIToFICstmrCdtTrf/CdtTrfTxInf/ChrgsInf/Amt,Document/FIToFICstmrCdtTrf/CdtTrfTxInf/ChrgsInf,Amt,ActiveOrHistoricCurrencyAndAmount,0,unbounded,False,
pacs.008.001.08,Document/FIToFICstmrCdtTrf/CdtTrfTxInf/ChrgsInf/Amt/@Ccy,Document/FIToFICstmrCdtTrf/CdtTrfTxInf/ChrgsInf/Amt,@Ccy,ActiveOrHistoricCurrencyCode,1,1,True,
pacs.008.001.08,Document/FIToFICstmrCdtTrf/CdtTrfTxInf/RgltryRptg/DbtCdtRptgInd,Document/FIToFICstmrCdtTrf/CdtTrfTxInf/RgltryRptg,DbtCdtRptgInd,RegulatoryReportingType1Code,0,unbounded,False,
pacs.008.001.08,Document/FIToFICstmrCdtTrf/CdtTrfTxInf/RgltryRptg/Authrty/Ctry,Document/FIToFICstmrCdtTrf/CdtTrfTxInf/RgltryRptg/Authrty,Ctry,CountryCode,0,unbounded,False,
pacs.008.001.08,Document/FIToFICstmrCdtTrf/CdtTrfTxInf/RgltryRptg/Dtls/Inf,Document/FIToFICstmrCdtTrf/CdtTrfTxInf/RgltryRptg/Dtls,Inf,Max35Text,0,unbounded,False,
pacs.009.001.08,Document/FICdtTrf/CdtTrfTxInf/PmtId/InstrId,Document/FICdtTrf/CdtTrfTxInf/PmtId,InstrId,Max35Text,0,unbounded,False,
pacs.009.001.08,Document/FICdtTrf/CdtTrfTxInf/PmtId/EndToEndId,Document/FICdtTrf/CdtTrfTxInf/PmtId,EndToEndId,Max35Text,1,unbounded,False,
pacs.009.001.08,Document/FICdtTrf/CdtTrfTxInf/SttlmTmReq/CLSTm,Document/FICdtTrf/CdtTrfTxInf/SttlmTmReq,CLSTm,ISOTime,0,unbounded,False,
pacs.009.001.08,Document/FICdtTrf/CdtTrfTxInf/SttlmTmReq/TillTm,Document/FICdtTrf/CdtTrfTxInf/SttlmTmReq,TillTm,ISOTime,0,unbounded,False,
pacs.009.001.08,Document/FICdtTrf/CdtTrfTxInf/SttlmTmReq/FrTm,Document/FICdtTrf/CdtTrfTxInf/SttlmTmReq,FrTm,ISOTime,0,unbounded,False,
pacs.009.001.08,Document/FICdtTrf/CdtTrfTxInf/SttlmTmReq/RjctTm,Document/FICdtTrf/CdtTrfTxInf/SttlmTmReq,RjctTm,ISOTime,0,unbounded,False,
pacs.009.001.08,Document/FICdtTrf/CdtTrfTxInf/IntrBkSttlmDt,Document/FICdtTrf/CdtTrfTxInf,IntrBkSttlmDt,ISODate,0,unbounded,False,
pacs.009.001.08,Document/FICdtTrf/CdtTrfTxInf/IntrBkSttlmAmt,Document/FICdtTrf/CdtTrfTxInf,IntrBkSttlmAmt,ActiveCurrencyAndAmount,1,unbounded,False,
pacs.009.001.08,Document/FICdtTrf/CdtTrfTxInf/IntrBkSttlmAmt/@Ccy,Document/FICdtTrf/CdtTrfTxInf/IntrBkSttlmAmt,@Ccy,ActiveCurrencyCode,1,1,True,
pacs.009.001.08,Document/FICdtTrf/CdtTrfTxInf/Dbtr/FinInstnId/BICFI,Document/FICdtTrf/CdtTrfTxInf/Dbtr/FinInstnId,BICFI,BICFIDec2014Identifier,0,unbounded,False,
pacs.009.001.08,Document/FICdtTrf/CdtTrfTxInf/Dbtr/FinInstnId/ClrSysMmbId/MmbId,Document/FICdtTrf/CdtTrfTxInf/Dbtr/FinInstnId/ClrSysMmbId,MmbId,Max35Text,0,unbounded,False,
pacs.009.001.08,Document/FICdtTrf/CdtTrfTxInf/Dbtr/FinInstnId/Nm,Document/FICdtTrf/CdtTrfTxInf/Dbtr/FinInstnId,Nm,Max140Text,0,unbounded,False,
pacs.009.001.08,Document/FICdtTrf/CdtTrfTxInf/Dbtr/FinInstnId/PstlAdr/AdrLine,Document/FICdtTrf/CdtTrfTxInf/Dbtr/FinInstnId/PstlAdr,AdrLine,Max70Text,0,unbounded,False,
pacs.009.001.08,Document/FICdtTrf/CdtTrfTxInf/DbtrAcct/Id/IBAN,Document/FICdtTrf/CdtTrfTxInf/DbtrAcct/Id,IBAN,IBAN2007Identifier,0,unbounded,False,choice-108
pacs.009.001.08,Document/FICdtTrf/CdtTrfTxInf/DbtrAcct/Id/Othr/Id,Document/FICdtTrf/CdtTrfTxInf/DbtrAcct/Id/Othr,Id,Max34Text,0,unbounded,False,
pacs.009.001.08,Document/FICdtTrf/GrpHdr/SttlmInf/InstgRmbrsmntAgt/FinInstnId/BICFI,Document/FICdtTrf/GrpHdr/SttlmInf/InstgRmbrsmntAgt/FinInstnId,BICFI,BICFIDec2014Identifier,0,1,False,
pacs.009.001.08,Document/FICdtTrf/GrpHdr/SttlmInf/InstgRmbrsmntAgt/FinInstnId/ClrSysMmbId/MmbId,Document/FICdtTrf/GrpHdr/SttlmInf/InstgRmbrsmntAgt/FinInstnId/ClrSysMmbId,MmbId,Max35Text,0,1,False,
pacs.009.001.08,Document/FICdtTrf/GrpHdr/SttlmInf/InstgRmbrsmntAgt/FinInstnId/Nm,Document/FICdtTrf/GrpHdr/SttlmInf/InstgRmbrsmntAgt/FinInstnId,Nm,Max140Text,0,1,False,
pacs.009.001.08,Document/FICdtTrf/GrpHdr/SttlmInf/InstgRmbrsmntAgt/FinInstnId/PstlAdr/AdrLine,Document/FICdtTrf/GrpHdr/SttlmInf/InstgRmbrsmntAgt/FinInstnId/PstlAdr,AdrLine,Max70Text,0,7,False,
pacs.009.001.08,Document/FICdtTrf/GrpHdr/SttlmInf/InstgRmbrsmntAgtAcct/Id/IBAN,Document/FICdtTrf/GrpHdr/SttlmInf/InstgRmbrsmntAgtAcct/Id,IBAN,IBAN2007Identifier,0,1,False,choice-10
pacs.009.001.08,Document/FICdtTrf/GrpHdr/SttlmInf/InstgRmbrsmntAgtAcct/Id/Othr/Id,Document/FICdtTrf/GrpHdr/SttlmInf/InstgRmbrsmntAgtAcct/Id/Othr,Id,Max34Text,0,1,False,
pacs.009.001.08,Document/FICdtTrf/GrpHdr/SttlmInf/InstdRmbrsmntAgt/FinInstnId/BICFI,Document/FICdtTrf/GrpHdr/SttlmInf/InstdRmbrsmntAgt/FinInstnId,BICFI,BICFIDec2014Identifier,0,1,False,
pacs.009.001.08,Document/FICdtTrf/GrpHdr/SttlmInf/InstdRmbrsmntAgt/FinInstnId/ClrSysMmbId/MmbId,Document/FICdtTrf/GrpHdr/SttlmInf/InstdRmbrsmntAgt/FinInstnId/ClrSysMmbId,MmbId,Max35Text,0,1,False,
pacs.009.001.08,Document/FICdtTrf/GrpHdr/SttlmInf/InstdRmbrsmntAgt/FinInstnId/Nm,Document/FICdtTrf/GrpHdr/SttlmInf/InstdRmbrsmntAgt/FinInstnId,Nm,Max140Text,0,1,False,
pacs.009.001.08,Document/FICdtTrf/GrpHdr/SttlmInf/InstdRmbrsmntAgt/FinInstnId/PstlAdr/AdrLine,Document/FICdtTrf/GrpHdr/SttlmInf/InstdRmbrsmntAgt/FinInstnId/PstlAdr,AdrLine,Max70Text,0,7,False,
pacs.009.001.08,Document/FICdtTrf/GrpHdr/SttlmInf/InstdRmbrsmntAgtAcct/Id/IBAN,Document/FICdtTrf/GrpHdr/SttlmInf/InstdRmbrsmntAgtAcct/Id,IBAN,IBAN2007Identifier,0,1,False,choice-18
pacs.009.001.08,Document/FICdtTrf/GrpHdr/SttlmInf/InstdRmbrsmntAgtAcct/Id/Othr/Id,Document/FICdtTrf/GrpHdr/SttlmInf/InstdRmbrsmntAgtAcct/Id/Othr,Id,Max34Text,0,1,False,
pacs.009.001.08,Document/FICdtTrf/CdtTrfTxInf/IntrmyAgt1/FinInstnId/BICFI,Document/FICdtTrf/CdtTrfTxInf/IntrmyAgt1/FinInstnId,BICFI,BICFIDec2014Identifier,0,unbounded,False,
pacs.009.001.08,Document/FICdtTrf/CdtTrfTxInf/IntrmyAgt1/FinInstnId/ClrSysMmbId/MmbId,Document/FICdtTrf/CdtTrfTxInf/IntrmyAgt1/FinInstnId/ClrSysMmbId,MmbId,Max35Text,0,unbounded,False,
pacs.009.001.08,Document/FICdtTrf/CdtTrfTxInf/IntrmyAgt1/FinInstnId/Nm,Document/FICdtTrf/CdtTrfTxInf/IntrmyAgt1/FinInstnId,Nm,Max140Text,0,unbounded,False,
pacs.009.001.08,Document/FICdtTrf/CdtTrfTxInf/IntrmyAgt1/FinInstnId/PstlAdr/AdrLine,Document/FICdtTrf/CdtTrfTxInf/IntrmyAgt1/FinInstnId/PstlAdr,AdrLine,Max70Text,0,unbounded,False,
pacs.009.001.08,Document/FICdtTrf/CdtTrfTxInf/IntrmyAgt1Acct/Id/IBAN,Document/FICdtTrf/CdtTrfTxInf/IntrmyAgt1Acct/Id,IBAN,IBAN2007Identifier,0,unbounded,False,choice-80
pacs.009.001.08,Document/FICdtTrf/CdtTrfTxInf/IntrmyAgt1Acct/Id/Othr/Id,Document/FICdtTrf/CdtTrfTxInf/IntrmyAgt1Acct/Id/Othr,Id,Max34Text,0,unbounded,False,
pacs.009.001.08,Document/FICdtTrf/CdtTrfTxInf/CdtrAgt/FinInstnId/BICFI,Document/FICdtTrf/CdtTrfTxInf/CdtrAgt/FinInstnId,BICFI,BICFIDec2014Identifier,0,unbounded,False,
pacs.009.001.08,Document/FICdtTrf/CdtTrfTxInf/CdtrAgt/FinInstnId/ClrSysMmbId/MmbId,Document/FICdtTrf/CdtTrfTxInf/CdtrAgt/FinInstnId/ClrSysMmbId,MmbId,Max35Text,0,unbounded,False,
pacs.009.001.08,Document/FICdtTrf/CdtTrfTxInf/CdtrAgt/FinInstnId/Nm,Document/FICdtTrf/CdtTrfTxInf/CdtrAgt/FinInstnId,Nm,Max140Text,0,unbounded,False,
pacs.009.001.08,Document/FICdtTrf/CdtTrfTxInf/CdtrAgt/FinInstnId/PstlAdr/AdrLine,Document/FICdtTrf/CdtTrfTxInf/CdtrAgt/FinInstnId/PstlAdr,AdrLine,Max70Text,0,unbounded,False,
pacs.009.001.08,Document/FICdtTrf/CdtTrfTxInf/CdtrAgtAcct/Id/IBAN,Document/FICdtTrf/CdtTrfTxInf/CdtrAgtAcct/Id,IBAN,IBAN2007Identifier,0,unbounded,False,choice-124
pacs.009.001.08,Document/FICdtTrf/CdtTrfTxInf/CdtrAgtAcct/Id/Othr/Id,Document/FICdtTrf/CdtTrfTxInf/CdtrAgtAcct/Id/Othr,Id,Max34Text,0,unbounded,False,
pacs.009.001.08,Document/FICdtTrf/CdtTrfTxInf/Cdtr/FinInstnId/BICFI,Document/FICdtTrf/CdtTrfTxInf/Cdtr/FinInstnId,BICFI,BICFIDec2014Identifier,0,unbounded,False,
pacs.009.001.08,Document/FICdtTrf/CdtTrfTxInf/Cdtr/FinInstnId/ClrSysMmbId/MmbId,Document/FICdtTrf/CdtTrfTxInf/Cdtr/FinInstnId/ClrSysMmbId,MmbId,Max35Text,0,unbounded,False,
pacs.009.001.08,Document/FICdtTrf/CdtTrfTxInf/Cdtr/FinInstnId/Nm,Document/FICdtTrf/CdtTrfTxInf/Cdtr/FinInstnId,Nm,Max140Text,0,unbounded,False,
pacs.009.001.08,Document/FICdtTrf/CdtTrfTxInf/Cdtr/FinInstnId/PstlAdr/AdrLine,Document/FICdtTrf/CdtTrfTxInf/Cdtr/FinInstnId/PstlAdr,AdrLine,Max70Text,0,unbounded,False,
pacs.009.001.08,Document/FICdtTrf/CdtTrfTxInf/CdtrAcct/Id/IBAN,Document/FICdtTrf/CdtTrfTxInf/CdtrAcct/Id,IBAN,IBAN2007Identifier,0,unbounded,False,choice-132
pacs.009.001.08,Document/FICdtTrf/CdtTrfTxInf/CdtrAcct/Id/Othr/Id,Document/FICdtTrf/CdtTrfTxInf/CdtrAcct/Id/Othr,Id,Max34Text,0,unbounded,False,
pacs.009.001.08,Document/FICdtTrf/CdtTrfTxInf/InstrForNxtAgt/InstrInf,Document/FICdtTrf/CdtTrfTxInf/InstrForNxtAgt,InstrInf,Max140Text,0,unbounded,False,
pacs.009.001.08,Document/FICdtTrf/CdtTrfTxInf/UndrlygCstmrCdtTrf/Dbtr/Nm,Document/FICdtTrf/CdtTrfTxInf/UndrlygCstmrCdtTrf/Dbtr,Nm,Max140Text,0,unbounded,False,
pacs.009.001.08,Document/FICdtTrf/CdtTrfTxInf/UndrlygCstmrCdtTrf/Dbtr/PstlAdr/AdrLine,Document/FICdtTrf/CdtTrfTxInf/UndrlygCstmrCdtTrf/Dbtr/PstlAdr,AdrLine,Max70Text,0,unbounded,False,
pacs.009.001.08,Document/FICdtTrf/CdtTrfTxInf/UndrlygCstmrCdtTrf/Dbtr/Id/OrgId/AnyBIC,Document/FICdtTrf/CdtTrfTxInf/UndrlygCstmrCdtTrf/Dbtr/Id/OrgId,AnyBIC,AnyBICDec2014Identifier,0,unbounded,False,
pacs.009.001.08,Document/FICdtTrf/CdtTrfTxInf/UndrlygCstmrCdtTrf/DbtrAcct/Id/IBAN,Document/FICdtTrf/CdtTrfTxInf/UndrlygCstmrCdtTrf/DbtrAcct/Id,IBAN,IBAN2007Identifier,0,unbounded,False,choice-153
pacs.009.001.08,Document/FICdtTrf/CdtTrfTxInf/UndrlygCstmrCdtTrf/DbtrAcct/Id/Othr/Id,Document/FICdtTrf/CdtTrfTxInf/UndrlygCstmrCdtTrf/DbtrAcct/Id/Othr,Id,Max34Text,0,unbounded,False,
pacs.009.001.08,Document/FICdtTrf/CdtTrfTxInf/UndrlygCstmrCdtTrf/DbtrAgt/FinInstnId/BICFI,Document/FICdtTrf/CdtTrfTxInf/UndrlygCstmrCdtTrf/DbtrAgt/FinInstnId,BICFI,BICFIDec2014Identifier,0,unbounded,False,
pacs.009.001.08,Document/FICdtTrf/CdtTrfTxInf/UndrlygCstmrCdtTrf/DbtrAgt/FinInstnId/ClrSysMmbId/MmbId,Document/FICdtTrf/CdtTrfTxInf/UndrlygCstmrCdtTrf/DbtrAgt/FinInstnId/ClrSysMmbId,MmbId,Max35Text,0,unbounded,False,
pacs.009.001.08,Document/FICdtTrf/CdtTrfTxInf/UndrlygCstmrCdtTrf/DbtrAgt/FinInstnId/Nm,Document/FICdtTrf/CdtTrfTxInf/UndrlygCstmrCdtTrf/DbtrAgt/FinInstnId,Nm,Max140Text,0,unbounded,False,
pacs.009.001.08,Document/FICdtTrf/CdtTrfTxInf/UndrlygCstmrCdtTrf/DbtrAgt/FinInstnId/PstlAdr/AdrLine,Document/FICdtTrf/CdtTrfTxInf/UndrlygCstmrCdtTrf/DbtrAgt/FinInstnId/PstlAdr,AdrLine,Max70Text,0,unbounded,False,
pacs.009.001.08,Document/FICdtTrf/CdtTrfTxInf/UndrlygCstmrCdtTrf/DbtrAgtAcct/Id/IBAN,Document/FICdtTrf/CdtTrfTxInf/UndrlygCstmrCdtTrf/DbtrAgtAcct/Id,IBAN,IBAN2007Identifier,0,unbounded,False,choice-161
pacs.009.001.08,Document/FICdtTrf/CdtTrfTxInf/UndrlygCstmrCdtTrf/DbtrAgtAcct/Id/Othr/Id,Document/FICdtTrf/CdtTrfTxInf/UndrlygCstmrCdtTrf/DbtrAgtAcct/Id/Othr,Id,Max34Text,0,unbounded,False,
pacs.009.001.08,Document/FICdtTrf/CdtTrfTxInf/UndrlygCstmrCdtTrf/IntrmyAgt1/FinInstnId/BICFI,Document/FICdtTrf/CdtTrfTxInf/UndrlygCstmrCdtTrf/IntrmyAgt1/FinInstnId,BICFI,BICFIDec2014Identifier,0,unbounded,False,
pacs.009.001.08,Document/FICdtTrf/CdtTrfTxInf/UndrlygCstmrCdtTrf/IntrmyAgt1/FinInstnId/ClrSysMmbId/MmbId,Document/FICdtTrf/CdtTrfTxInf/UndrlygCstmrCdtTrf/IntrmyAgt1/FinInstnId/ClrSysMmbId,MmbId,Max35Text,0,unbounded,False,
pacs.009.001.08,Document/FICdtTrf/CdtTrfTxInf/UndrlygCstmrCdtTrf/IntrmyAgt1/FinInstnId/Nm,Document/FICdtTrf/CdtTrfTxInf/UndrlygCstmrCdtTrf/IntrmyAgt1/FinInstnId,Nm,Max140Text,0,unbounded,False,
pacs.009.001.08,Document/FICdtTrf/CdtTrfTxInf/UndrlygCstmrCdtTrf/IntrmyAgt1/FinInstnId/PstlAdr/AdrLine,Document/FICdtTrf/CdtTrfTxInf/UndrlygCstmrCdtTrf/IntrmyAgt1/FinInstnId/PstlAdr,AdrLine,Max70Text,0,unbounded,False,
pacs.009.001.08,Document/FICdtTrf/CdtTrfTxInf/UndrlygCstmrCdtTrf/IntrmyAgt1Acct/Id/IBAN,Document/FICdtTrf/CdtTrfTxInf/UndrlygCstmrCdtTrf/IntrmyAgt1Acct/Id,IBAN,IBAN2007Identifier,0,unbounded,False,choice-193
pacs.009.001.08,Document/FICdtTrf/CdtTrfTxInf/UndrlygCstmrCdtTrf/IntrmyAgt1Acct/Id/Othr/Id,Document/FICdtTrf/CdtTrfTxInf/UndrlygCstmrCdtTrf/IntrmyAgt1Acct/Id/Othr,Id,Max34Text,0,unbounded,False,
pacs.009.001.08,Document/FICdtTrf/CdtTrfTxInf/UndrlygCstmrCdtTrf/CdtrAgt/FinInstnId/BICFI,Document/FICdtTrf/CdtTrfTxInf/UndrlygCstmrCdtTrf/CdtrAgt/FinInstnId,BICFI,BICFIDec2014Identifier,0,unbounded,False,
pacs.009.001.08,Document/FICdtTrf/CdtTrfTxInf/UndrlygCstmrCdtTrf/CdtrAgt/FinInstnId/ClrSysMmbId/MmbId,Document/FICdtTrf/CdtTrfTxInf/UndrlygCstmrCdtTrf/CdtrAgt/FinInstnId/ClrSysMmbId,MmbId,Max35Text,0,unbounded,False,
pacs.009.001.08,Document/FICdtTrf/CdtTrfTxInf/UndrlygCstmrCdtTrf/CdtrAgt/FinInstnId/Nm,Document/FICdtTrf/CdtTrfTxInf/UndrlygCstmrCdtTrf/CdtrAgt/FinInstnId,Nm,Max140Text,0,unbounded,False,
pacs.009.001.08,Document/FICdtTrf/CdtTrfTxInf/UndrlygCstmrCdtTrf/CdtrAgt/FinInstnId/PstlAdr/AdrLine,Document/FICdtTrf/CdtTrfTxInf/UndrlygCstmrCdtTrf/CdtrAgt/FinInstnId/PstlAdr,AdrLine,Max70Text,0,unbounded,False,
pacs.009.001.08,Document/FICdtTrf/CdtTrfTxInf/UndrlygCstmrCdtTrf/CdtrAgtAcct/Id/IBAN,Document/FICdtTrf/CdtTrfTxInf/UndrlygCstmrCdtTrf/CdtrAgtAcct/Id,IBAN,IBAN2007Identifier,0,unbounded,False,choice-217
pacs.009.001.08,Document/FICdtTrf/CdtTrfTxInf/UndrlygCstmrCdtTrf/CdtrAgtAcct/Id/Othr/Id,Document/FICdtTrf/CdtTrfTxInf/UndrlygCstmrCdtTrf/CdtrAgtAcct/Id/Othr,Id,Max34Text,0,unbounded,False,
pacs.009.001.08,Document/FICdtTrf/CdtTrfTxInf/UndrlygCstmrCdtTrf/Cdtr/Nm,Document/FICdtTrf/CdtTrfTxInf/UndrlygCstmrCdtTrf/Cdtr,Nm,Max140Text,0,unbounded,False,
pacs.009.001.08,Document/FICdtTrf/CdtTrfTxInf/UndrlygCstmrCdtTrf/Cdtr/PstlAdr/AdrLine,Document/FICdtTrf/CdtTrfTxInf/UndrlygCstmrCdtTrf/Cdtr/PstlAdr,AdrLine,Max70Text,0,unbounded,False,
pacs.009.001.08,Document/FICdtTrf/CdtTrfTxInf/UndrlygCstmrCdtTrf/Cdtr/Id/OrgId/AnyBIC,Document/FICdtTrf/CdtTrfTxInf/UndrlygCstmrCdtTrf/Cdtr/Id/OrgId,AnyBIC,AnyBICDec2014Identifier,0,unbounded,False,
pacs.009.001.08,Document/FICdtTrf/CdtTrfTxInf/UndrlygCstmrCdtTrf/CdtrAcct/Id/IBAN,Document/FICdtTrf/CdtTrfTxInf/UndrlygCstmrCdtTrf/CdtrAcct/Id,IBAN,IBAN2007Identifier,0,unbounded,False,choice-225
pacs.009.001.08,Document/FICdtTrf/CdtTrfTxInf/UndrlygCstmrCdtTrf/CdtrAcct/Id/Othr/Id,Document/FICdtTrf/CdtTrfTxInf/UndrlygCstmrCdtTrf/CdtrAcct/Id/Othr,Id,Max34Text,0,unbounded,False,
pacs.009.001.08,Document/FICdtTrf/CdtTrfTxInf/UndrlygCstmrCdtTrf/RmtInf/Ustrd,Document/FICdtTrf/CdtTrfTxInf/UndrlygCstmrCdtTrf/RmtInf,Ustrd,Max140Text,0,unbounded,False,
pacs.009.001.08,Document/FICdtTrf/CdtTrfTxInf/UndrlygCstmrCdtTrf/InstrForNxtAgt/InstrInf,Document/FICdtTrf/CdtTrfTxInf/UndrlygCstmrCdtTrf/InstrForNxtAgt,InstrInf,Max140Text,0,unbounded,False,
pacs.009.001.08,Document/FICdtTrf/CdtTrfTxInf/UndrlygCstmrCdtTrf/InstdAmt,Document/FICdtTrf/CdtTrfTxInf/UndrlygCstmrCdtTrf,InstdAmt,ActiveOrHistoricCurrencyAndAmount,0,unbounded,False,
pacs.009.001.08,Document/FICdtTrf/CdtTrfTxInf/UndrlygCstmrCdtTrf/InstdAmt/@Ccy,Document/FICdtTrf/CdtTrfTxInf/UndrlygCstmrCdtTrf/InstdAmt,@Ccy,ActiveOrHistoricCurrencyCode,1,1,True,
camt.054.001.08,Document/BkToCstmrDbtCdtNtfctn/Ntfctn/Ntry/NtryRef,Document/BkToCstmrDbtCdtNtfctn/Ntfctn/Ntry,NtryRef,Max35Text,0,unbounded,False,
camt.054.001.08,Document/BkToCstmrDbtCdtNtfctn/Ntfctn/Ntry/NtryDtls/TxDtls/Refs/AcctSvcrRef,Document/BkToCstmrDbtCdtNtfctn/Ntfctn/Ntry/NtryDtls/TxDtls/Refs,AcctSvcrRef,Max35Text,0,unbounded,False,
camt.054.001.08,Document/BkToCstmrDbtCdtNtfctn/Ntfctn/Ntry/NtryDtls/TxDtls/Refs/InstrId,Document/BkToCstmrDbtCdtNtfctn/Ntfctn/Ntry/NtryDtls/TxDtls/Refs,InstrId,Max35Text,0,unbounded,False,
camt.054.001.08,Document/BkToCstmrDbtCdtNtfctn/Ntfctn/Ntry/NtryDtls/TxDtls/Refs/EndToEndId,Document/BkToCstmrDbtCdtNtfctn/Ntfctn/Ntry/NtryDtls/TxDtls/Refs,EndToEndId,Max35Text,0,unbounded,False,
camt.054.001.08,Document/BkToCstmrDbtCdtNtfctn/Ntfctn/Ntry/NtryDtls/TxDtls/Refs/TxId,Document/BkToCstmrDbtCdtNtfctn/Ntfctn/Ntry/NtryDtls/TxDtls/Refs,TxId,Max35Text,0,unbounded,False,
camt.054.001.08,Document/BkToCstmrDbtCdtNtfctn/Ntfctn/Acct/Id/IBAN,Document/BkToCstmrDbtCdtNtfctn/Ntfctn/Acct/Id,IBAN,IBAN2007Identifier,0,unbounded,False,choice-7
camt.054.001.08,Document/BkToCstmrDbtCdtNtfctn/Ntfctn/Acct/Id/Othr/Id,Document/BkToCstmrDbtCdtNtfctn/Ntfctn/Acct/Id/Othr,Id,Max34Text,0,unbounded,False,
camt.054.001.08,Document/BkToCstmrDbtCdtNtfctn/Ntfctn/Ntry/BookgDt/DtTm,Document/BkToCstmrDbtCdtNtfctn/Ntfctn/Ntry/BookgDt,DtTm,ISODateTime,0,unbounded,False,choice-29
camt.054.001.08,Document/BkToCstmrDbtCdtNtfctn/Ntfctn/Ntry/ValDt/Dt,Document/BkToCstmrDbtCdtNtfctn/Ntfctn/Ntry/ValDt,Dt,ISODate,0,unbounded,False,choice-30
camt.054.001.08,Document/BkToCstmrDbtCdtNtfctn/Ntfctn/Ntry/Amt,Document/BkToCstmrDbtCdtNtfctn/Ntfctn/Ntry,Amt,ActiveOrHistoricCurrencyAndAmount,0,unbounded,False,
camt.054.001.08,Document/BkToCstmrDbtCdtNtfctn/Ntfctn/Ntry/Amt/@Ccy,Document/BkToCstmrDbtCdtNtfctn/Ntfctn/Ntry/Amt,@Ccy,ActiveOrHistoricCurrencyCode,1,1,True,
camt.054.001.08,Document/BkToCstmrDbtCdtNtfctn/Ntfctn/Ntry/CdtDbtInd,Document/BkToCstmrDbtCdtNtfctn/Ntfctn/Ntry,CdtDbtInd,CreditDebitCode,0,unbounded,False,
camt.054.001.08,Document/BkToCstmrDbtCdtNtfctn/Ntfctn/Ntry/NtryDtls/TxDtls/RltdPties/Dbtr/Pty/Nm,Document/BkToCstmrDbtCdtNtfctn/Ntfctn/Ntry/NtryDtls/TxDtls/RltdPties/Dbtr/Pty,Nm,Max140Text,0,unbounded,False,
camt.054.001.08,Document/BkToCstmrDbtCdtNtfctn/Ntfctn/Ntry/NtryDtls/TxDtls/RltdPties/Dbtr/Pty/PstlAdr/AdrLine,Document/BkToCstmrDbtCdtNtfctn/Ntfctn/Ntry/NtryDtls/TxDtls/RltdPties/Dbtr/Pty/PstlAdr,AdrLine,Max70Text,0,unbounded,False,
camt.054.001.08,Document/BkToCstmrDbtCdtNtfctn/Ntfctn/Ntry/NtryDtls/TxDtls/RltdPties/Dbtr/Pty/Id/OrgId/AnyBIC,Document/BkToCstmrDbtCdtNtfctn/Ntfctn/Ntry/NtryDtls/TxDtls/RltdPties/Dbtr/Pty/Id/OrgId,AnyBIC,AnyBICDec2014Identifier,0,unbounded,False,
camt.054.001.08,Document/BkToCstmrDbtCdtNtfctn/Ntfctn/Ntry/NtryDtls/TxDtls/RltdPties/DbtrAcct/Id/IBAN,Document/BkToCstmrDbtCdtNtfctn/Ntfctn/Ntry/NtryDtls/TxDtls/RltdPties/DbtrAcct/Id,IBAN,IBAN2007Identifier,0,unbounded,False,choice-73
camt.054.001.08,Document/BkToCstmrDbtCdtNtfctn/Ntfctn/Ntry/NtryDtls/TxDtls/RltdPties/DbtrAcct/Id/Othr/Id,Document/BkToCstmrDbtCdtNtfctn/Ntfctn/Ntry/NtryDtls/TxDtls/RltdPties/DbtrAcct/Id/Othr,Id,Max34Text,0,unbounded,False,
camt.054.001.08,Document/BkToCstmrDbtCdtNtfctn/Ntfctn/Ntry/NtryDtls/TxDtls/RltdAgts/DbtrAgt/FinInstnId/BICFI,Document/BkToCstmrDbtCdtNtfctn/Ntfctn/Ntry/NtryDtls/TxDtls/RltdAgts/DbtrAgt/FinInstnId,BICFI,BICFIDec2014Identifier,0,unbounded,False,
camt.054.001.08,Document/BkToCstmrDbtCdtNtfctn/Ntfctn/Ntry/NtryDtls/TxDtls/RltdAgts/DbtrAgt/FinInstnId/ClrSysMmbId/MmbId,Document/BkToCstmrDbtCdtNtfctn/Ntfctn/Ntry/NtryDtls/TxDtls/RltdAgts/DbtrAgt/FinInstnId/ClrSysMmbId,MmbId,Max35Text,0,unbounded,False,
camt.054.001.08,Document/BkToCstmrDbtCdtNtfctn/Ntfctn/Ntry/NtryDtls/TxDtls/RltdAgts/DbtrAgt/FinInstnId/Nm,Document/BkToCstmrDbtCdtNtfctn/Ntfctn/Ntry/NtryDtls/TxDtls/RltdAgts/DbtrAgt/FinInstnId,Nm,Max140Text,0,unbounded,False,
camt.054.001.08,Document/BkToCstmrDbtCdtNtfctn/Ntfctn/Ntry/NtryDtls/TxDtls/RltdAgts/DbtrAgt/FinInstnId/PstlAdr/AdrLine,Document/BkToCstmrDbtCdtNtfctn/Ntfctn/Ntry/NtryDtls/TxDtls/RltdAgts/DbtrAgt/FinInstnId/PstlAdr,AdrLine,Max70Text,0,unbounded,False,
camt.054.001.08,Document/BkToCstmrDbtCdtNtfctn/Ntfctn/Ntry/NtryDtls/TxDtls/RltdAgts/IntrmyAgt1/FinInstnId/BICFI,Document/BkToCstmrDbtCdtNtfctn/Ntfctn/Ntry/NtryDtls/TxDtls/RltdAgts/IntrmyAgt1/FinInstnId,BICFI,BICFIDec2014Identifier,0,unbounded,False,
camt.054.001.08,Document/BkToCstmrDbtCdtNtfctn/Ntfctn/Ntry/NtryDtls/TxDtls/RltdAgts/IntrmyAgt1/FinInstnId/ClrSysMmbId/MmbId,Document/BkToCstmrDbtCdtNtfctn/Ntfctn/Ntry/NtryDtls/TxDtls/RltdAgts/IntrmyAgt1/FinInstnId/ClrSysMmbId,MmbId,Max35Text,0,unbounded,False,
camt.054.001.08,Document/BkToCstmrDbtCdtNtfctn/Ntfctn/Ntry/NtryDtls/TxDtls/RltdAgts/IntrmyAgt1/FinInstnId/Nm,Document/BkToCstmrDbtCdtNtfctn/Ntfctn/Ntry/NtryDtls/TxDtls/RltdAgts/IntrmyAgt1/FinInstnId,Nm,Max140Text,0,unbounded,False,
camt.054.001.08,Document/BkToCstmrDbtCdtNtfctn/Ntfctn/Ntry/NtryDtls/TxDtls/RltdAgts/IntrmyAgt1/FinInstnId/PstlAdr/AdrLine,Document/BkToCstmrDbtCdtNtfctn/Ntfctn/Ntry/NtryDtls/TxDtls/RltdAgts/IntrmyAgt1/FinInstnId/PstlAdr,AdrLine,Max70Text,0,unbounded,False,
camt.054.001.08,Document/BkToCstmrDbtCdtNtfctn/Ntfctn/Ntry/NtryDtls/TxDtls/AddtlTxInf,Document/BkToCstmrDbtCdtNtfctn/Ntfctn/Ntry/NtryDtls/TxDtls,AddtlTxInf,Max500Text,0,unbounded,False,
camt.060.001.05,Document/AcctRptgReq/RptgReq/Id,Document/AcctRptgReq/RptgReq,Id,Max35Text,0,unbounded,False,
camt.060.001.05,Document/AcctRptgReq/RptgReq/ReqdMsgNmId,Document/AcctRptgReq/RptgReq,ReqdMsgNmId,Max35Text,1,unbounded,False,
camt.060.001.05,Document/AcctRptgReq/RptgReq/Acct/Id/IBAN,Document/AcctRptgReq/RptgReq/Acct/Id,IBAN,IBAN2007Identifier,0,unbounded,False,choice-10
camt.060.001.05,Document/AcctRptgReq/RptgReq/Acct/Id/Othr/Id,Document/AcctRptgReq/RptgReq/Acct/Id/Othr,Id,Max34Text,0,unbounded,False,
camt.060.001.05,Document/AcctRptgReq/RptgReq/ReqdTxTp/FlrLmt/Amt,Document/AcctRptgReq/RptgReq/ReqdTxTp/FlrLmt,Amt,ActiveOrHistoricCurrencyAndAmount,0,unbounded,False,
camt.060.001.05,Document/AcctRptgReq/RptgReq/ReqdTxTp/FlrLmt/Amt/@Ccy,Document/AcctRptgReq/RptgReq/ReqdTxTp/FlrLmt/Amt,@Ccy,ActiveOrHistoricCurrencyCode,1,1,True,
camt.060.001.05,Document/AcctRptgReq/RptgReq/ReqdTxTp/FlrLmt/CdtDbtInd,Document/AcctRptgReq/RptgReq/ReqdTxTp/FlrLmt,CdtDbtInd,FloorLimitType1Code,0,unbounded,False,
