mt_message,mt_occurrence_no,mt_tag,mt_field_name,requiredness,sequence,source_pdf_page,rule_count,target_path_count,worst_evidence_grade,mapping_actions,dfr_statuses,review_status
MT103,1,20,Sender's Reference,M,,14,1,1,B,DIRECT_CANDIDATE,MATCHED,REVIEW_REQUIRED_CBPR
MT103,2,13C,Time Indication,O,,14,4,4,C,CONDITIONAL_CANDIDATE,MATCHED,REVIEW_REQUIRED_CBPR
MT103,3,23B,Bank Operation Code,M,,15,1,1,C,CONDITIONAL_CANDIDATE,MATCHED,REVIEW_REQUIRED_CBPR
MT103,4,23E,Instruction Code,O,,16,4,4,D,CONDITIONAL_CANDIDATE,MATCHED,REVIEW_REQUIRED_CBPR
MT103,5,26T,Transaction Type Code,O,,18,1,1,D,CONDITIONAL_CANDIDATE,MATCHED,REVIEW_REQUIRED_CBPR
MT103,6,32A,Value Date/Currency/Interbank Settled Amount,M,,18,3,3,B,TRANSFORM,MATCHED,REVIEW_REQUIRED_CBPR
MT103,7,33B,Currency/Instructed Amount,O,,19,2,2,B,TRANSFORM,MATCHED,REVIEW_REQUIRED_CBPR
MT103,8,36,Exchange Rate,O,,20,1,1,B,TRANSFORM,MATCHED,REVIEW_REQUIRED_CBPR
MT103,9,50a,Ordering Customer,M,,20,5,5,B,CONDITIONAL_CANDIDATE,MATCHED,REVIEW_REQUIRED_CBPR
MT103,10,51A,Sending Institution,O,,24,1,0,D,NO_DIRECT_EQUIVALENT,NOT_APPLICABLE,DOCUMENTED_GAP
MT103,11,52a,Ordering Institution,O,,24,6,6,B,CONDITIONAL_CANDIDATE,MATCHED,REVIEW_REQUIRED_CBPR
MT103,12,53a,Sender's Correspondent,O,,26,6,6,B,CONDITIONAL_CANDIDATE,MATCHED,REVIEW_REQUIRED_CBPR
MT103,13,54a,Receiver's Correspondent,O,,27,6,6,B,CONDITIONAL_CANDIDATE,MATCHED,REVIEW_REQUIRED_CBPR
MT103,14,55a,Third Reimbursement Institution,O,,28,6,6,B,CONDITIONAL_CANDIDATE,MATCHED,REVIEW_REQUIRED_CBPR
MT103,15,56a,Intermediary Institution,O,,29,6,6,B,CONDITIONAL_CANDIDATE,MATCHED,REVIEW_REQUIRED_CBPR
MT103,16,57a,Account With Institution,O,,31,6,6,B,CONDITIONAL_CANDIDATE,MATCHED,REVIEW_REQUIRED_CBPR
MT103,17,59a,Beneficiary Customer,M,,34,5,5,B,CONDITIONAL_CANDIDATE,MATCHED,REVIEW_REQUIRED_CBPR
MT103,18,70,Remittance Information,O,,36,1,1,B,TRANSFORM,MATCHED,REVIEW_REQUIRED_CBPR
MT103,19,71A,Details of Charges,M,,37,1,1,B,TRANSFORM,MATCHED,REVIEW_REQUIRED_CBPR
MT103,20,71F,Sender's Charges,O,,37,2,2,B,TRANSFORM,MATCHED,REVIEW_REQUIRED_CBPR
MT103,21,71G,Receiver's Charges,O,,38,2,2,B,TRANSFORM,MATCHED,REVIEW_REQUIRED_CBPR
MT103,22,72,Sender to Receiver Information,O,,38,1,1,C,CONDITIONAL_CANDIDATE,MATCHED,REVIEW_REQUIRED_CBPR
MT103,23,77B,Regulatory Reporting,O,,40,3,3,B,CONDITIONAL_CANDIDATE,MATCHED,REVIEW_REQUIRED_CBPR
MT202,1,20,Transaction Reference Number,M,,5,1,1,B,DIRECT_CANDIDATE,MATCHED,REVIEW_REQUIRED_CBPR
MT202,2,21,Related Reference,M,,6,1,1,C,CONDITIONAL_CANDIDATE,MATCHED,REVIEW_REQUIRED_CBPR
MT202,3,13C,Time Indication,O,,6,4,4,C,CONDITIONAL_CANDIDATE,MATCHED,REVIEW_REQUIRED_CBPR
MT202,4,32A,"Value Date, Currency Code, Amount",M,,7,3,3,B,TRANSFORM,MATCHED,REVIEW_REQUIRED_CBPR
MT202,5,52a,Ordering Institution,O,,8,6,6,B,CONDITIONAL_CANDIDATE,MATCHED,REVIEW_REQUIRED_CBPR
MT202,6,53a,Sender's Correspondent,O,,10,6,6,B,CONDITIONAL_CANDIDATE,MATCHED,REVIEW_REQUIRED_CBPR
MT202,7,54a,Receiver's Correspondent,O,,11,6,6,B,CONDITIONAL_CANDIDATE,MATCHED,REVIEW_REQUIRED_CBPR
MT202,8,56a,Intermediary,O,,12,6,6,B,CONDITIONAL_CANDIDATE,MATCHED,REVIEW_REQUIRED_CBPR
MT202,9,57a,Account With Institution,O,,14,6,6,B,CONDITIONAL_CANDIDATE,MATCHED,REVIEW_REQUIRED_CBPR
MT202,10,58a,Beneficiary Institution,M,,16,6,6,B,CONDITIONAL_CANDIDATE,MATCHED,REVIEW_REQUIRED_CBPR
MT202,11,72,Sender to Receiver Information,O,,18,1,1,C,CONDITIONAL_CANDIDATE,MATCHED,REVIEW_REQUIRED_CBPR
MT202_COV,1,20,Transaction Reference Number,M,A,6,1,1,B,DIRECT_CANDIDATE,MATCHED,REVIEW_REQUIRED_CBPR
MT202_COV,2,21,Related Reference,M,A,7,1,1,C,CONDITIONAL_CANDIDATE,MATCHED,REVIEW_REQUIRED_CBPR
MT202_COV,3,13C,Time Indication,O,A,7,4,4,C,CONDITIONAL_CANDIDATE,MATCHED,REVIEW_REQUIRED_CBPR
MT202_COV,4,32A,"Value Date, Currency Code, Amount",M,A,8,3,3,B,TRANSFORM,MATCHED,REVIEW_REQUIRED_CBPR
MT202_COV,5,52a,Ordering Institution,O,A,9,6,6,B,CONDITIONAL_CANDIDATE,MATCHED,REVIEW_REQUIRED_CBPR
MT202_COV,6,53a,Sender's Correspondent,O,A,10,6,6,B,CONDITIONAL_CANDIDATE,MATCHED,REVIEW_REQUIRED_CBPR
MT202_COV,7,54a,Receiver's Correspondent,O,A,12,6,6,B,CONDITIONAL_CANDIDATE,MATCHED,REVIEW_REQUIRED_CBPR
MT202_COV,8,56a,Intermediary,O,A,13,6,6,B,CONDITIONAL_CANDIDATE,MATCHED,REVIEW_REQUIRED_CBPR
MT202_COV,9,57a,Account With Institution,M,A,15,6,6,B,CONDITIONAL_CANDIDATE,MATCHED,REVIEW_REQUIRED_CBPR
MT202_COV,10,58a,Beneficiary Institution,M,A,17,6,6,B,CONDITIONAL_CANDIDATE,MATCHED,REVIEW_REQUIRED_CBPR
MT202_COV,11,72,Sender to Receiver Information,O,A,19,1,1,C,CONDITIONAL_CANDIDATE,MATCHED,REVIEW_REQUIRED_CBPR
MT202_COV,12,50a,Ordering Customer,M,B,21,5,5,B,CONDITIONAL_CANDIDATE,MATCHED,REVIEW_REQUIRED_CBPR
MT202_COV,13,52a,Ordering Institution,O,B,24,6,6,B,CONDITIONAL_CANDIDATE,MATCHED,REVIEW_REQUIRED_CBPR
MT202_COV,14,56a,Intermediary Institution,O,B,25,6,6,B,CONDITIONAL_CANDIDATE,MATCHED,REVIEW_REQUIRED_CBPR
MT202_COV,15,57a,Account With Institution,M,B,27,6,6,B,CONDITIONAL_CANDIDATE,MATCHED,REVIEW_REQUIRED_CBPR
MT202_COV,16,59a,Beneficiary Customer,M,B,29,5,5,B,CONDITIONAL_CANDIDATE,MATCHED,REVIEW_REQUIRED_CBPR
MT202_COV,17,70,Remittance Information,O,B,31,1,1,B,TRANSFORM,MATCHED,REVIEW_REQUIRED_CBPR
MT202_COV,18,72,Sender to Receiver Information,O,B,31,1,1,C,CONDITIONAL_CANDIDATE,MATCHED,REVIEW_REQUIRED_CBPR
MT202_COV,19,33B,Currency/Instructed Amount,O,B,32,2,2,B,TRANSFORM,MATCHED,REVIEW_REQUIRED_CBPR
MT910,1,20,Transaction Reference Number,M,,5,2,2,C,CONDITIONAL_CANDIDATE,MATCHED,REVIEW_REQUIRED_CBPR
MT910,2,21,Related Reference,M,,5,3,3,D,CONDITIONAL_CANDIDATE,MATCHED,REVIEW_REQUIRED_CBPR
MT910,3,25a,Account Identification,M,,6,2,2,B,CONDITIONAL_CANDIDATE,MATCHED,REVIEW_REQUIRED_CBPR
MT910,4,13D,Date/Time Indication,O,,6,1,1,B,TRANSFORM,MATCHED,REVIEW_REQUIRED_CBPR
MT910,5,32A,"Value Date, Currency Code, Amount",M,,7,4,4,B,TRANSFORM,MATCHED,REVIEW_REQUIRED_CBPR
MT910,6,50a,Ordering Customer,O,,7,5,5,B,CONDITIONAL_CANDIDATE,MATCHED|PATH_NOT_MAPPED,REVIEW_REQUIRED_CBPR
MT910,7,52a,Ordering Institution,O,,11,4,4,B,CONDITIONAL_CANDIDATE,MATCHED,REVIEW_REQUIRED_CBPR
MT910,8,56a,Intermediary,O,,13,4,4,B,CONDITIONAL_CANDIDATE,MATCHED,REVIEW_REQUIRED_CBPR
MT910,9,72,Sender to Receiver Information,O,,13,1,1,C,CONDITIONAL_CANDIDATE,MATCHED,REVIEW_REQUIRED_CBPR
MT920,1,20,Transaction Reference Number,M,,5,1,1,B,DIRECT_CANDIDATE,DFR_MESSAGE_NOT_IN_SCOPE,REVIEW_REQUIRED_CBPR
MT920,2,12,Message Requested,M,,5,1,1,C,TRANSFORM,DFR_MESSAGE_NOT_IN_SCOPE,REVIEW_REQUIRED_CBPR
MT920,3,25,Account Identification,M,,5,2,2,B,CONDITIONAL_CANDIDATE,DFR_MESSAGE_NOT_IN_SCOPE,REVIEW_REQUIRED_CBPR
MT920,4,34F,Debit/(Debit and Credit) Floor Limit Indicator,O,,6,3,3,B,TRANSFORM,DFR_MESSAGE_NOT_IN_SCOPE,REVIEW_REQUIRED_CBPR
MT920,5,34F,Credit Floor Limit Indicator,O,,6,3,3,B,TRANSFORM,DFR_MESSAGE_NOT_IN_SCOPE,REVIEW_REQUIRED_CBPR
